data_divulgacao,hora_local,fuso,tipo,periodo_referencia
2026-01-08,06:00,America/Mexico_City,mensal_e_2a_quinzena,2025-12
2026-01-22,06:00,America/Mexico_City,1a_quinzena,2026-01
2026-02-09,06:00,America/Mexico_City,mensal_e_2a_quinzena,2026-01
2026-02-24,06:00,America/Mexico_City,1a_quinzena,2026-02
2026-03-09,06:00,America/Mexico_City,mensal_e_2a_quinzena,2026-02
2026-03-24,06:00,America/Mexico_City,1a_quinzena,2026-03
2026-04-09,06:00,America/Mexico_City,mensal_e_2a_quinzena,2026-03
2026-04-23,06:00,America/Mexico_City,1a_quinzena,2026-04
2026-05-07,06:00,America/Mexico_City,mensal_e_2a_quinzena,2026-04
2026-05-22,06:00,America/Mexico_City,1a_quinzena,2026-05
2026-06-09,06:00,America/Mexico_City,mensal_e_2a_quinzena,2026-05
2026-06-24,06:00,America/Mexico_City,1a_quinzena,2026-06
2026-07-09,06:00,America/Mexico_City,mensal_e_2a_quinzena,2026-06
2026-07-23,06:00,America/Mexico_City,1a_quinzena,2026-07
2026-08-07,06:00,America/Mexico_City,mensal_e_2a_quinzena,2026-07
2026-08-24,06:00,America/Mexico_City,1a_quinzena,2026-08
2026-09-09,06:00,America/Mexico_City,mensal_e_2a_quinzena,2026-08
2026-09-24,06:00,America/Mexico_City,1a_quinzena,2026-09
2026-10-08,06:00,America/Mexico_City,mensal_e_2a_quinzena,2026-09
2026-10-22,06:00,America/Mexico_City,1a_quinzena,2026-10
2026-11-09,06:00,America/Mexico_City,mensal_e_2a_quinzena,2026-10
2026-11-24,06:00,America/Mexico_City,1a_quinzena,2026-11
2026-12-09,06:00,America/Mexico_City,mensal_e_2a_quinzena,2026-11
2026-12-23,06:00,America/Mexico_City,1a_quinzena,2026-12
