id_serie,fonte,tipo,uso,nome,componente,nivel,pai,frequencia,unidade,observacao
910392,inegi_bie,indice,conferencia,Índice general,indice_general,0,,mensal,indice base 2a quincena julio 2018 = 100,fonte BIE-BISE; canasta e ponderadores 2024 (ENIGH Estacional 2022); historico encadeado pelo INEGI desde 1969-01
910393,inegi_bie,indice,conferencia,Subyacente,subyacente,1,indice_general,mensal,indice base 2a quincena julio 2018 = 100,fonte BIE-BISE; canasta e ponderadores 2024 (ENIGH Estacional 2022); historico encadeado pelo INEGI desde 1982-01
910394,inegi_bie,indice,conferencia,Mercancías,mercancias,2,subyacente,mensal,indice base 2a quincena julio 2018 = 100,fonte BIE-BISE; canasta e ponderadores 2024 (ENIGH Estacional 2022); historico encadeado pelo INEGI desde 1982-01
910395,inegi_bie,indice,conferencia,Servicios,servicios,2,subyacente,mensal,indice base 2a quincena julio 2018 = 100,fonte BIE-BISE; canasta e ponderadores 2024 (ENIGH Estacional 2022); historico encadeado pelo INEGI desde 1982-01
910396,inegi_bie,indice,conferencia,No subyacente,no_subyacente,1,indice_general,mensal,indice base 2a quincena julio 2018 = 100,fonte BIE-BISE; canasta e ponderadores 2024 (ENIGH Estacional 2022); historico encadeado pelo INEGI desde 1982-01
910397,inegi_bie,indice,conferencia,Agropecuarios,agropecuarios,2,no_subyacente,mensal,indice base 2a quincena julio 2018 = 100,fonte BIE-BISE; canasta e ponderadores 2024 (ENIGH Estacional 2022); historico encadeado pelo INEGI desde 1982-01
910398,inegi_bie,indice,conferencia,Energéticos y tarifas autorizadas por el gobierno,energeticos_y_tarifas,2,no_subyacente,mensal,indice base 2a quincena julio 2018 = 100,fonte BIE-BISE; canasta e ponderadores 2024 (ENIGH Estacional 2022); historico encadeado pelo INEGI desde 1982-01
910420,inegi_bie,indice,conferencia,Índice general,indice_general,0,,quinzenal,indice base 2a quincena julio 2018 = 100,fonte BIE-BISE; canasta e ponderadores 2024 (ENIGH Estacional 2022); historico encadeado pelo INEGI desde 1988-01 1a quincena
910421,inegi_bie,indice,conferencia,Subyacente,subyacente,1,indice_general,quinzenal,indice base 2a quincena julio 2018 = 100,fonte BIE-BISE; canasta e ponderadores 2024 (ENIGH Estacional 2022); historico encadeado pelo INEGI desde 1988-01 1a quincena
910422,inegi_bie,indice,conferencia,Mercancías,mercancias,2,subyacente,quinzenal,indice base 2a quincena julio 2018 = 100,fonte BIE-BISE; canasta e ponderadores 2024 (ENIGH Estacional 2022); historico encadeado pelo INEGI desde 1988-01 1a quincena
910423,inegi_bie,indice,conferencia,Servicios,servicios,2,subyacente,quinzenal,indice base 2a quincena julio 2018 = 100,fonte BIE-BISE; canasta e ponderadores 2024 (ENIGH Estacional 2022); historico encadeado pelo INEGI desde 1988-01 1a quincena
910424,inegi_bie,indice,conferencia,No subyacente,no_subyacente,1,indice_general,quinzenal,indice base 2a quincena julio 2018 = 100,fonte BIE-BISE; canasta e ponderadores 2024 (ENIGH Estacional 2022); historico encadeado pelo INEGI desde 1988-01 1a quincena
910425,inegi_bie,indice,conferencia,Agropecuarios,agropecuarios,2,no_subyacente,quinzenal,indice base 2a quincena julio 2018 = 100,fonte BIE-BISE; canasta e ponderadores 2024 (ENIGH Estacional 2022); historico encadeado pelo INEGI desde 1988-01 1a quincena
910426,inegi_bie,indice,conferencia,Energéticos y tarifas autorizadas por el gobierno,energeticos_y_tarifas,2,no_subyacente,quinzenal,indice base 2a quincena julio 2018 = 100,fonte BIE-BISE; canasta e ponderadores 2024 (ENIGH Estacional 2022); historico encadeado pelo INEGI desde 1988-01 1a quincena
909281,inegi_bie,incidencia,conferencia,Índice general,indice_general,0,,mensal,pontos_percentuais,fonte BIE-BISE; incidencia no INPC geral; metadado FREQ=15 mas periodo e mensal; primeiro dado 2013-06; validado contra tabulado CA55_2018A ago/2026
909282,inegi_bie,incidencia,conferencia,Subyacente,subyacente,1,indice_general,mensal,pontos_percentuais,fonte BIE-BISE; incidencia no INPC geral; metadado FREQ=15 mas periodo e mensal; primeiro dado 2010-12; validado contra tabulado CA55_2018A ago/2026
909283,inegi_bie,incidencia,conferencia,Mercancías,mercancias,2,subyacente,mensal,pontos_percentuais,fonte BIE-BISE; incidencia no INPC geral; metadado FREQ=15 mas periodo e mensal; primeiro dado 2010-12; validado contra tabulado CA55_2018A ago/2026
909286,inegi_bie,incidencia,conferencia,Servicios,servicios,2,subyacente,mensal,pontos_percentuais,fonte BIE-BISE; incidencia no INPC geral; metadado FREQ=15 mas periodo e mensal; primeiro dado 2010-12; validado contra tabulado CA55_2018A ago/2026
909290,inegi_bie,incidencia,conferencia,No subyacente,no_subyacente,1,indice_general,mensal,pontos_percentuais,fonte BIE-BISE; incidencia no INPC geral; metadado FREQ=15 mas periodo e mensal; primeiro dado 2010-12; validado contra tabulado CA55_2018A ago/2026
909291,inegi_bie,incidencia,conferencia,Agropecuarios,agropecuarios,2,no_subyacente,mensal,pontos_percentuais,fonte BIE-BISE; incidencia no INPC geral; metadado FREQ=15 mas periodo e mensal; primeiro dado 2002-01; validado contra tabulado CA55_2018A ago/2026
909294,inegi_bie,incidencia,conferencia,Energéticos y tarifas autorizadas por el gobierno,energeticos_y_tarifas,2,no_subyacente,mensal,pontos_percentuais,fonte BIE-BISE; incidencia no INPC geral; metadado FREQ=15 mas periodo e mensal; primeiro dado 2010-12; validado contra tabulado CA55_2018A ago/2026
865546,inegi_indicesdeprecios,indice,principal,Precios al Consumidor (INPC),indice_general,0,,mensal,indice base 2a quincena julio 2018 = 100,"app indicesdeprecios, estrutura 112001700010; cesta e ponderadores 2024; validado contra tabulado CA55_2018A"
865547,inegi_indicesdeprecios,indice,principal,Subyacente,subyacente,1,indice_general,mensal,indice base 2a quincena julio 2018 = 100,"app indicesdeprecios, estrutura 112001700010; cesta e ponderadores 2024; validado contra tabulado CA55_2018A"
865548,inegi_indicesdeprecios,indice,principal,Mercancías,mercancias,2,subyacente,mensal,indice base 2a quincena julio 2018 = 100,"app indicesdeprecios, estrutura 112001700010; cesta e ponderadores 2024; validado contra tabulado CA55_2018A"
865549,inegi_indicesdeprecios,indice,principal,"Alimentos, bebidas y tabaco",alimentos_bebidas_y_tabaco,3,mercancias,mensal,indice base 2a quincena julio 2018 = 100,"app indicesdeprecios, estrutura 112001700010; cesta e ponderadores 2024; validado contra tabulado CA55_2018A"
865550,inegi_indicesdeprecios,indice,principal,Mercancías no alimenticias,mercancias_no_alimenticias,3,mercancias,mensal,indice base 2a quincena julio 2018 = 100,"app indicesdeprecios, estrutura 112001700010; cesta e ponderadores 2024; validado contra tabulado CA55_2018A"
865551,inegi_indicesdeprecios,indice,principal,Servicios,servicios,2,subyacente,mensal,indice base 2a quincena julio 2018 = 100,"app indicesdeprecios, estrutura 112001700010; cesta e ponderadores 2024; validado contra tabulado CA55_2018A"
865552,inegi_indicesdeprecios,indice,principal,Vivienda,vivienda,3,servicios,mensal,indice base 2a quincena julio 2018 = 100,"app indicesdeprecios, estrutura 112001700010; cesta e ponderadores 2024; validado contra tabulado CA55_2018A"
865553,inegi_indicesdeprecios,indice,principal,Educación (colegiaturas),educacion_colegiaturas,3,servicios,mensal,indice base 2a quincena julio 2018 = 100,"app indicesdeprecios, estrutura 112001700010; cesta e ponderadores 2024; validado contra tabulado CA55_2018A"
865554,inegi_indicesdeprecios,indice,principal,Otros servicios,otros_servicios,3,servicios,mensal,indice base 2a quincena julio 2018 = 100,"app indicesdeprecios, estrutura 112001700010; cesta e ponderadores 2024; validado contra tabulado CA55_2018A"
865555,inegi_indicesdeprecios,indice,principal,No subyacente,no_subyacente,1,indice_general,mensal,indice base 2a quincena julio 2018 = 100,"app indicesdeprecios, estrutura 112001700010; cesta e ponderadores 2024; validado contra tabulado CA55_2018A"
865556,inegi_indicesdeprecios,indice,principal,Agropecuarios,agropecuarios,2,no_subyacente,mensal,indice base 2a quincena julio 2018 = 100,"app indicesdeprecios, estrutura 112001700010; cesta e ponderadores 2024; validado contra tabulado CA55_2018A"
865557,inegi_indicesdeprecios,indice,principal,Frutas y verduras,frutas_y_verduras,3,agropecuarios,mensal,indice base 2a quincena julio 2018 = 100,"app indicesdeprecios, estrutura 112001700010; cesta e ponderadores 2024; validado contra tabulado CA55_2018A"
865558,inegi_indicesdeprecios,indice,principal,Pecuarios,pecuarios,3,agropecuarios,mensal,indice base 2a quincena julio 2018 = 100,"app indicesdeprecios, estrutura 112001700010; cesta e ponderadores 2024; validado contra tabulado CA55_2018A"
865559,inegi_indicesdeprecios,indice,principal,Energéticos y tarifas autorizadas por el gobierno,energeticos_y_tarifas,2,no_subyacente,mensal,indice base 2a quincena julio 2018 = 100,"app indicesdeprecios, estrutura 112001700010; cesta e ponderadores 2024; validado contra tabulado CA55_2018A"
865560,inegi_indicesdeprecios,indice,principal,Energéticos,energeticos,3,energeticos_y_tarifas,mensal,indice base 2a quincena julio 2018 = 100,"app indicesdeprecios, estrutura 112001700010; cesta e ponderadores 2024; validado contra tabulado CA55_2018A"
865561,inegi_indicesdeprecios,indice,principal,Tarifas autorizadas por el gobierno,tarifas_autorizadas_por_el_gobierno,3,energeticos_y_tarifas,mensal,indice base 2a quincena julio 2018 = 100,"app indicesdeprecios, estrutura 112001700010; cesta e ponderadores 2024; validado contra tabulado CA55_2018A"
821892,inegi_indicesdeprecios,indice,principal,Precios al Consumidor (INPC),indice_general,0,,quinzenal,indice base 2a quincena julio 2018 = 100,"app indicesdeprecios, estrutura 112001600020; cesta e ponderadores 2024; validado contra tabulado CA56_2018A"
821893,inegi_indicesdeprecios,indice,principal,Subyacente,subyacente,1,indice_general,quinzenal,indice base 2a quincena julio 2018 = 100,"app indicesdeprecios, estrutura 112001600020; cesta e ponderadores 2024; validado contra tabulado CA56_2018A"
821894,inegi_indicesdeprecios,indice,principal,Mercancías,mercancias,2,subyacente,quinzenal,indice base 2a quincena julio 2018 = 100,"app indicesdeprecios, estrutura 112001600020; cesta e ponderadores 2024; validado contra tabulado CA56_2018A"
821895,inegi_indicesdeprecios,indice,principal,"Alimentos, bebidas y tabaco",alimentos_bebidas_y_tabaco,3,mercancias,quinzenal,indice base 2a quincena julio 2018 = 100,"app indicesdeprecios, estrutura 112001600020; cesta e ponderadores 2024; validado contra tabulado CA56_2018A"
821896,inegi_indicesdeprecios,indice,principal,Mercancías no alimenticias,mercancias_no_alimenticias,3,mercancias,quinzenal,indice base 2a quincena julio 2018 = 100,"app indicesdeprecios, estrutura 112001600020; cesta e ponderadores 2024; validado contra tabulado CA56_2018A"
821897,inegi_indicesdeprecios,indice,principal,Servicios,servicios,2,subyacente,quinzenal,indice base 2a quincena julio 2018 = 100,"app indicesdeprecios, estrutura 112001600020; cesta e ponderadores 2024; validado contra tabulado CA56_2018A"
821898,inegi_indicesdeprecios,indice,principal,Vivienda,vivienda,3,servicios,quinzenal,indice base 2a quincena julio 2018 = 100,"app indicesdeprecios, estrutura 112001600020; cesta e ponderadores 2024; validado contra tabulado CA56_2018A"
821899,inegi_indicesdeprecios,indice,principal,Educación (colegiaturas),educacion_colegiaturas,3,servicios,quinzenal,indice base 2a quincena julio 2018 = 100,"app indicesdeprecios, estrutura 112001600020; cesta e ponderadores 2024; validado contra tabulado CA56_2018A"
821900,inegi_indicesdeprecios,indice,principal,Otros servicios,otros_servicios,3,servicios,quinzenal,indice base 2a quincena julio 2018 = 100,"app indicesdeprecios, estrutura 112001600020; cesta e ponderadores 2024; validado contra tabulado CA56_2018A"
821901,inegi_indicesdeprecios,indice,principal,No subyacente,no_subyacente,1,indice_general,quinzenal,indice base 2a quincena julio 2018 = 100,"app indicesdeprecios, estrutura 112001600020; cesta e ponderadores 2024; validado contra tabulado CA56_2018A"
821902,inegi_indicesdeprecios,indice,principal,Agropecuarios,agropecuarios,2,no_subyacente,quinzenal,indice base 2a quincena julio 2018 = 100,"app indicesdeprecios, estrutura 112001600020; cesta e ponderadores 2024; validado contra tabulado CA56_2018A"
821903,inegi_indicesdeprecios,indice,principal,Frutas y verduras,frutas_y_verduras,3,agropecuarios,quinzenal,indice base 2a quincena julio 2018 = 100,"app indicesdeprecios, estrutura 112001600020; cesta e ponderadores 2024; validado contra tabulado CA56_2018A"
821904,inegi_indicesdeprecios,indice,principal,Pecuarios,pecuarios,3,agropecuarios,quinzenal,indice base 2a quincena julio 2018 = 100,"app indicesdeprecios, estrutura 112001600020; cesta e ponderadores 2024; validado contra tabulado CA56_2018A"
821905,inegi_indicesdeprecios,indice,principal,Energéticos y tarifas autorizadas por el gobierno,energeticos_y_tarifas,2,no_subyacente,quinzenal,indice base 2a quincena julio 2018 = 100,"app indicesdeprecios, estrutura 112001600020; cesta e ponderadores 2024; validado contra tabulado CA56_2018A"
821906,inegi_indicesdeprecios,indice,principal,Energéticos,energeticos,3,energeticos_y_tarifas,quinzenal,indice base 2a quincena julio 2018 = 100,"app indicesdeprecios, estrutura 112001600020; cesta e ponderadores 2024; validado contra tabulado CA56_2018A"
821907,inegi_indicesdeprecios,indice,principal,Tarifas autorizadas por el gobierno,tarifas_autorizadas_por_el_gobierno,3,energeticos_y_tarifas,quinzenal,indice base 2a quincena julio 2018 = 100,"app indicesdeprecios, estrutura 112001600020; cesta e ponderadores 2024; validado contra tabulado CA56_2018A"
909281,inegi_indicesdeprecios,incidencia,principal,Precios al Consumidor (INPC),indice_general,0,,mensal,pontos_percentuais,"app indicesdeprecios, estrutura 112001800030; cesta e ponderadores 2024; validado contra tabulado CA55_2018A"
909282,inegi_indicesdeprecios,incidencia,principal,Subyacente,subyacente,1,indice_general,mensal,pontos_percentuais,"app indicesdeprecios, estrutura 112001800030; cesta e ponderadores 2024; validado contra tabulado CA55_2018A"
909283,inegi_indicesdeprecios,incidencia,principal,Mercancías,mercancias,2,subyacente,mensal,pontos_percentuais,"app indicesdeprecios, estrutura 112001800030; cesta e ponderadores 2024; validado contra tabulado CA55_2018A"
909284,inegi_indicesdeprecios,incidencia,principal,"Alimentos, bebidas y tabaco",alimentos_bebidas_y_tabaco,3,mercancias,mensal,pontos_percentuais,"app indicesdeprecios, estrutura 112001800030; cesta e ponderadores 2024; validado contra tabulado CA55_2018A"
909285,inegi_indicesdeprecios,incidencia,principal,Mercancías no alimenticias,mercancias_no_alimenticias,3,mercancias,mensal,pontos_percentuais,"app indicesdeprecios, estrutura 112001800030; cesta e ponderadores 2024; validado contra tabulado CA55_2018A"
909286,inegi_indicesdeprecios,incidencia,principal,Servicios,servicios,2,subyacente,mensal,pontos_percentuais,"app indicesdeprecios, estrutura 112001800030; cesta e ponderadores 2024; validado contra tabulado CA55_2018A"
909287,inegi_indicesdeprecios,incidencia,principal,Vivienda,vivienda,3,servicios,mensal,pontos_percentuais,"app indicesdeprecios, estrutura 112001800030; cesta e ponderadores 2024; validado contra tabulado CA55_2018A"
909288,inegi_indicesdeprecios,incidencia,principal,Educación (colegiaturas),educacion_colegiaturas,3,servicios,mensal,pontos_percentuais,"app indicesdeprecios, estrutura 112001800030; cesta e ponderadores 2024; validado contra tabulado CA55_2018A"
909289,inegi_indicesdeprecios,incidencia,principal,Otros servicios,otros_servicios,3,servicios,mensal,pontos_percentuais,"app indicesdeprecios, estrutura 112001800030; cesta e ponderadores 2024; validado contra tabulado CA55_2018A"
909290,inegi_indicesdeprecios,incidencia,principal,No subyacente,no_subyacente,1,indice_general,mensal,pontos_percentuais,"app indicesdeprecios, estrutura 112001800030; cesta e ponderadores 2024; validado contra tabulado CA55_2018A"
909291,inegi_indicesdeprecios,incidencia,principal,Agropecuarios,agropecuarios,2,no_subyacente,mensal,pontos_percentuais,"app indicesdeprecios, estrutura 112001800030; cesta e ponderadores 2024; validado contra tabulado CA55_2018A"
909292,inegi_indicesdeprecios,incidencia,principal,Frutas y verduras,frutas_y_verduras,3,agropecuarios,mensal,pontos_percentuais,"app indicesdeprecios, estrutura 112001800030; cesta e ponderadores 2024; validado contra tabulado CA55_2018A"
909293,inegi_indicesdeprecios,incidencia,principal,Pecuarios,pecuarios,3,agropecuarios,mensal,pontos_percentuais,"app indicesdeprecios, estrutura 112001800030; cesta e ponderadores 2024; validado contra tabulado CA55_2018A"
909294,inegi_indicesdeprecios,incidencia,principal,Energéticos y tarifas autorizadas por el gobierno,energeticos_y_tarifas,2,no_subyacente,mensal,pontos_percentuais,"app indicesdeprecios, estrutura 112001800030; cesta e ponderadores 2024; validado contra tabulado CA55_2018A"
909295,inegi_indicesdeprecios,incidencia,principal,Energéticos,energeticos,3,energeticos_y_tarifas,mensal,pontos_percentuais,"app indicesdeprecios, estrutura 112001800030; cesta e ponderadores 2024; validado contra tabulado CA55_2018A"
909296,inegi_indicesdeprecios,incidencia,principal,Tarifas autorizadas por el gobierno,tarifas_autorizadas_por_el_gobierno,3,energeticos_y_tarifas,mensal,pontos_percentuais,"app indicesdeprecios, estrutura 112001800030; cesta e ponderadores 2024; validado contra tabulado CA55_2018A"
909244,inegi_indicesdeprecios,incidencia,principal,Precios al Consumidor (INPC),indice_general,0,,quinzenal,pontos_percentuais,"app indicesdeprecios, estrutura 112001800020; cesta e ponderadores 2024; validado contra tabulado CA56_2018A"
909245,inegi_indicesdeprecios,incidencia,principal,Subyacente,subyacente,1,indice_general,quinzenal,pontos_percentuais,"app indicesdeprecios, estrutura 112001800020; cesta e ponderadores 2024; validado contra tabulado CA56_2018A"
909246,inegi_indicesdeprecios,incidencia,principal,Mercancías,mercancias,2,subyacente,quinzenal,pontos_percentuais,"app indicesdeprecios, estrutura 112001800020; cesta e ponderadores 2024; validado contra tabulado CA56_2018A"
909247,inegi_indicesdeprecios,incidencia,principal,"Alimentos, bebidas y tabaco",alimentos_bebidas_y_tabaco,3,mercancias,quinzenal,pontos_percentuais,"app indicesdeprecios, estrutura 112001800020; cesta e ponderadores 2024; validado contra tabulado CA56_2018A"
909248,inegi_indicesdeprecios,incidencia,principal,Mercancías no alimenticias,mercancias_no_alimenticias,3,mercancias,quinzenal,pontos_percentuais,"app indicesdeprecios, estrutura 112001800020; cesta e ponderadores 2024; validado contra tabulado CA56_2018A"
909249,inegi_indicesdeprecios,incidencia,principal,Servicios,servicios,2,subyacente,quinzenal,pontos_percentuais,"app indicesdeprecios, estrutura 112001800020; cesta e ponderadores 2024; validado contra tabulado CA56_2018A"
909250,inegi_indicesdeprecios,incidencia,principal,Vivienda,vivienda,3,servicios,quinzenal,pontos_percentuais,"app indicesdeprecios, estrutura 112001800020; cesta e ponderadores 2024; validado contra tabulado CA56_2018A"
909251,inegi_indicesdeprecios,incidencia,principal,Educación (colegiaturas),educacion_colegiaturas,3,servicios,quinzenal,pontos_percentuais,"app indicesdeprecios, estrutura 112001800020; cesta e ponderadores 2024; validado contra tabulado CA56_2018A"
909252,inegi_indicesdeprecios,incidencia,principal,Otros servicios,otros_servicios,3,servicios,quinzenal,pontos_percentuais,"app indicesdeprecios, estrutura 112001800020; cesta e ponderadores 2024; validado contra tabulado CA56_2018A"
909253,inegi_indicesdeprecios,incidencia,principal,No subyacente,no_subyacente,1,indice_general,quinzenal,pontos_percentuais,"app indicesdeprecios, estrutura 112001800020; cesta e ponderadores 2024; validado contra tabulado CA56_2018A"
909254,inegi_indicesdeprecios,incidencia,principal,Agropecuarios,agropecuarios,2,no_subyacente,quinzenal,pontos_percentuais,"app indicesdeprecios, estrutura 112001800020; cesta e ponderadores 2024; validado contra tabulado CA56_2018A"
909255,inegi_indicesdeprecios,incidencia,principal,Frutas y verduras,frutas_y_verduras,3,agropecuarios,quinzenal,pontos_percentuais,"app indicesdeprecios, estrutura 112001800020; cesta e ponderadores 2024; validado contra tabulado CA56_2018A"
909256,inegi_indicesdeprecios,incidencia,principal,Pecuarios,pecuarios,3,agropecuarios,quinzenal,pontos_percentuais,"app indicesdeprecios, estrutura 112001800020; cesta e ponderadores 2024; validado contra tabulado CA56_2018A"
909257,inegi_indicesdeprecios,incidencia,principal,Energéticos y tarifas autorizadas por el gobierno,energeticos_y_tarifas,2,no_subyacente,quinzenal,pontos_percentuais,"app indicesdeprecios, estrutura 112001800020; cesta e ponderadores 2024; validado contra tabulado CA56_2018A"
909258,inegi_indicesdeprecios,incidencia,principal,Energéticos,energeticos,3,energeticos_y_tarifas,quinzenal,pontos_percentuais,"app indicesdeprecios, estrutura 112001800020; cesta e ponderadores 2024; validado contra tabulado CA56_2018A"
909259,inegi_indicesdeprecios,incidencia,principal,Tarifas autorizadas por el gobierno,tarifas_autorizadas_por_el_gobierno,3,energeticos_y_tarifas,quinzenal,pontos_percentuais,"app indicesdeprecios, estrutura 112001800020; cesta e ponderadores 2024; validado contra tabulado CA56_2018A"
